weight,names
0.0015923566878980893,../../kcwi_extractions/all_dr2_fits/xsl_spectrum_X0590_uvb.fits
0.0015923566878980893,../../kcwi_extractions/all_dr2_fits/xsl_spectrum_X0900_uvb.fits
0.0015923566878980893,../../kcwi_extractions/all_dr2_fits/xsl_spectrum_X0901_uvb.fits
0.0015923566878980893,../../kcwi_extractions/all_dr2_fits/xsl_spectrum_X0764_uvb.fits
0.0015923566878980893,../../kcwi_extractions/all_dr2_fits/xsl_spectrum_X0502_uvb.fits
0.0015923566878980893,../../kcwi_extractions/all_dr2_fits/xsl_spectrum_X0765_uvb.fits
0.0015923566878980893,../../kcwi_extractions/all_dr2_fits/xsl_spectrum_X0498_uvb.fits
0.0015923566878980893,../../kcwi_extractions/all_dr2_fits/xsl_spectrum_X0809_uvb.fits
0.0015923566878980893,../../kcwi_extractions/all_dr2_fits/xsl_spectrum_X0371_uvb.fits
0.0015923566878980893,../../kcwi_extractions/all_dr2_fits/xsl_spectrum_X0370_uvb.fits
0.0015923566878980893,../../kcwi_extractions/all_dr2_fits/xsl_spectrum_X0443_uvb.fits
0.0015923566878980893,../../kcwi_extractions/all_dr2_fits/xsl_spectrum_X0625_uvb.fits
0.0015923566878980893,../../kcwi_extractions/all_dr2_fits/xsl_spectrum_X0624_uvb.fits
0.0015923566878980893,../../kcwi_extractions/all_dr2_fits/xsl_spectrum_X0442_uvb.fits
0.0015923566878980893,../../kcwi_extractions/all_dr2_fits/xsl_spectrum_X0841_uvb.fits
0.0015923566878980893,../../kcwi_extractions/all_dr2_fits/xsl_spectrum_X0840_uvb.fits
0.0015923566878980893,../../kcwi_extractions/all_dr2_fits/xsl_spectrum_X0279_uvb.fits
0.0015923566878980893,../../kcwi_extractions/all_dr2_fits/xsl_spectrum_X0278_uvb.fits
0.0015923566878980893,../../kcwi_extractions/all_dr2_fits/xsl_spectrum_X0160_uvb.fits
0.0015923566878980893,../../kcwi_extractions/all_dr2_fits/xsl_spectrum_X0161_uvb.fits
0.0015923566878980893,../../kcwi_extractions/all_dr2_fits/xsl_spectrum_X0652_uvb.fits
0.0015923566878980893,../../kcwi_extractions/all_dr2_fits/xsl_spectrum_X0434_uvb.fits
0.0015923566878980893,../../kcwi_extractions/all_dr2_fits/xsl_spectrum_X0435_uvb.fits
0.0015923566878980893,../../kcwi_extractions/all_dr2_fits/xsl_spectrum_X0836_uvb.fits
0.0015923566878980893,../../kcwi_extractions/all_dr2_fits/xsl_spectrum_X0837_uvb.fits
0.0015923566878980893,../../kcwi_extractions/all_dr2_fits/xsl_spectrum_X0394_uvb.fits
0.0015923566878980893,../../kcwi_extractions/all_dr2_fits/xsl_spectrum_X0395_uvb.fits
0.0015923566878980893,../../kcwi_extractions/all_dr2_fits/xsl_spectrum_X0713_uvb.fits
0.0015923566878980893,../../kcwi_extractions/all_dr2_fits/xsl_spectrum_X0712_uvb.fits
0.0015923566878980893,../../kcwi_extractions/all_dr2_fits/xsl_spectrum_X0247_uvb.fits
0.0015923566878980893,../../kcwi_extractions/all_dr2_fits/xsl_spectrum_X0021_uvb.fits
0.0015923566878980893,../../kcwi_extractions/all_dr2_fits/xsl_spectrum_X0246_uvb.fits
0.0015923566878980893,../../kcwi_extractions/all_dr2_fits/xsl_spectrum_X0689_uvb.fits
0.0015923566878980893,../../kcwi_extractions/all_dr2_fits/xsl_spectrum_X0688_uvb.fits
0.0015923566878980893,../../kcwi_extractions/all_dr2_fits/xsl_spectrum_X0727_uvb.fits
0.0015923566878980893,../../kcwi_extractions/all_dr2_fits/xsl_spectrum_X0540_uvb.fits
0.0015923566878980893,../../kcwi_extractions/all_dr2_fits/xsl_spectrum_X0273_uvb.fits
0.0015923566878980893,../../kcwi_extractions/all_dr2_fits/xsl_spectrum_X0272_uvb.fits
0.0015923566878980893,../../kcwi_extractions/all_dr2_fits/xsl_spectrum_X0449_uvb.fits
0.0015923566878980893,../../kcwi_extractions/all_dr2_fits/xsl_spectrum_X0448_uvb.fits
0.0015923566878980893,../../kcwi_extractions/all_dr2_fits/xsl_spectrum_X0492_uvb.fits
0.0015923566878980893,../../kcwi_extractions/all_dr2_fits/xsl_spectrum_X0493_uvb.fits
0.0015923566878980893,../../kcwi_extractions/all_dr2_fits/xsl_spectrum_X0508_uvb.fits
0.0015923566878980893,../../kcwi_extractions/all_dr2_fits/xsl_spectrum_X0509_uvb.fits
0.0015923566878980893,../../kcwi_extractions/all_dr2_fits/xsl_spectrum_X0666_uvb.fits
0.0015923566878980893,../../kcwi_extractions/all_dr2_fits/xsl_spectrum_X0890_uvb.fits
0.0015923566878980893,../../kcwi_extractions/all_dr2_fits/xsl_spectrum_X0400_uvb.fits
0.0015923566878980893,../../kcwi_extractions/all_dr2_fits/xsl_spectrum_X0891_uvb.fits
0.0015923566878980893,../../kcwi_extractions/all_dr2_fits/xsl_spectrum_X0401_uvb.fits
0.0015923566878980893,../../kcwi_extractions/all_dr2_fits/xsl_spectrum_X0667_uvb.fits
0.0015923566878980893,../../kcwi_extractions/all_dr2_fits/xsl_spectrum_X0875_uvb.fits
0.0015923566878980893,../../kcwi_extractions/all_dr2_fits/xsl_spectrum_X0683_uvb.fits
0.0015923566878980893,../../kcwi_extractions/all_dr2_fits/xsl_spectrum_X0682_uvb.fits
0.0015923566878980893,../../kcwi_extractions/all_dr2_fits/xsl_spectrum_X0874_uvb.fits
0.0015923566878980893,../../kcwi_extractions/all_dr2_fits/xsl_spectrum_X0719_uvb.fits
0.0015923566878980893,../../kcwi_extractions/all_dr2_fits/xsl_spectrum_X0718_uvb.fits
0.0015923566878980893,../../kcwi_extractions/all_dr2_fits/xsl_spectrum_X0123_uvb.fits
0.0015923566878980893,../../kcwi_extractions/all_dr2_fits/xsl_spectrum_X0122_uvb.fits
0.0015923566878980893,../../kcwi_extractions/all_dr2_fits/xsl_spectrum_X0477_uvb.fits
0.0015923566878980893,../../kcwi_extractions/all_dr2_fits/xsl_spectrum_X0611_uvb.fits
0.0015923566878980893,../../kcwi_extractions/all_dr2_fits/xsl_spectrum_X0610_uvb.fits
0.0015923566878980893,../../kcwi_extractions/all_dr2_fits/xsl_spectrum_X0476_uvb.fits
0.0015923566878980893,../../kcwi_extractions/all_dr2_fits/xsl_spectrum_X0750_uvb.fits
0.0015923566878980893,../../kcwi_extractions/all_dr2_fits/xsl_spectrum_X0536_uvb.fits
0.0015923566878980893,../../kcwi_extractions/all_dr2_fits/xsl_spectrum_X0537_uvb.fits
0.0015923566878980893,../../kcwi_extractions/all_dr2_fits/xsl_spectrum_X0751_uvb.fits
0.0015923566878980893,../../kcwi_extractions/all_dr2_fits/xsl_spectrum_X0205_uvb.fits
0.0015923566878980893,../../kcwi_extractions/all_dr2_fits/xsl_spectrum_X0658_uvb.fits
0.0015923566878980893,../../kcwi_extractions/all_dr2_fits/xsl_spectrum_X0659_uvb.fits
0.0015923566878980893,../../kcwi_extractions/all_dr2_fits/xsl_spectrum_X0297_uvb.fits
0.0015923566878980893,../../kcwi_extractions/all_dr2_fits/xsl_spectrum_X0856_uvb.fits
0.0015923566878980893,../../kcwi_extractions/all_dr2_fits/xsl_spectrum_X0857_uvb.fits
0.0015923566878980893,../../kcwi_extractions/all_dr2_fits/xsl_spectrum_X0366_uvb.fits
0.0015923566878980893,../../kcwi_extractions/all_dr2_fits/xsl_spectrum_X0367_uvb.fits
0.0015923566878980893,../../kcwi_extractions/all_dr2_fits/xsl_spectrum_X0454_uvb.fits
0.0015923566878980893,../../kcwi_extractions/all_dr2_fits/xsl_spectrum_X0632_uvb.fits
0.0015923566878980893,../../kcwi_extractions/all_dr2_fits/xsl_spectrum_X0633_uvb.fits
0.0015923566878980893,../../kcwi_extractions/all_dr2_fits/xsl_spectrum_X0455_uvb.fits
0.0015923566878980893,../../kcwi_extractions/all_dr2_fits/xsl_spectrum_X0515_uvb.fits
0.0015923566878980893,../../kcwi_extractions/all_dr2_fits/xsl_spectrum_X0514_uvb.fits
0.0015923566878980893,../../kcwi_extractions/all_dr2_fits/xsl_spectrum_X0772_uvb.fits
0.0015923566878980893,../../kcwi_extractions/all_dr2_fits/xsl_spectrum_X0041_uvb.fits
0.0015923566878980893,../../kcwi_extractions/all_dr2_fits/xsl_spectrum_X0587_uvb.fits
0.0015923566878980893,../../kcwi_extractions/all_dr2_fits/xsl_spectrum_X0586_uvb.fits
0.0015923566878980893,../../kcwi_extractions/all_dr2_fits/xsl_spectrum_X0149_uvb.fits
0.0015923566878980893,../../kcwi_extractions/all_dr2_fits/xsl_spectrum_X0148_uvb.fits
0.0015923566878980893,../../kcwi_extractions/all_dr2_fits/xsl_spectrum_X0562_uvb.fits
0.0015923566878980893,../../kcwi_extractions/all_dr2_fits/xsl_spectrum_X0704_uvb.fits
0.0015923566878980893,../../kcwi_extractions/all_dr2_fits/xsl_spectrum_X0705_uvb.fits
0.0015923566878980893,../../kcwi_extractions/all_dr2_fits/xsl_spectrum_X0563_uvb.fits
0.0015923566878980893,../../kcwi_extractions/all_dr2_fits/xsl_spectrum_X0868_uvb.fits
0.0015923566878980893,../../kcwi_extractions/all_dr2_fits/xsl_spectrum_X0869_uvb.fits
0.0015923566878980893,../../kcwi_extractions/all_dr2_fits/xsl_spectrum_X0037_uvb.fits
0.0015923566878980893,../../kcwi_extractions/all_dr2_fits/xsl_spectrum_X0251_uvb.fits
0.0015923566878980893,../../kcwi_extractions/all_dr2_fits/xsl_spectrum_X0796_uvb.fits
0.0015923566878980893,../../kcwi_extractions/all_dr2_fits/xsl_spectrum_X0797_uvb.fits
0.0015923566878980893,../../kcwi_extractions/all_dr2_fits/xsl_spectrum_X0358_uvb.fits
0.0015923566878980893,../../kcwi_extractions/all_dr2_fits/xsl_spectrum_X0359_uvb.fits
0.0015923566878980893,../../kcwi_extractions/all_dr2_fits/xsl_spectrum_X0821_uvb.fits
0.0015923566878980893,../../kcwi_extractions/all_dr2_fits/xsl_spectrum_X0383_uvb.fits
0.0015923566878980893,../../kcwi_extractions/all_dr2_fits/xsl_spectrum_X0382_uvb.fits
0.0015923566878980893,../../kcwi_extractions/all_dr2_fits/xsl_spectrum_X0177_uvb.fits
0.0015923566878980893,../../kcwi_extractions/all_dr2_fits/xsl_spectrum_X0310_uvb.fits
0.0015923566878980893,../../kcwi_extractions/all_dr2_fits/xsl_spectrum_X0176_uvb.fits
0.0015923566878980893,../../kcwi_extractions/all_dr2_fits/xsl_spectrum_X0645_uvb.fits
0.0015923566878980893,../../kcwi_extractions/all_dr2_fits/xsl_spectrum_X0423_uvb.fits
0.0015923566878980893,../../kcwi_extractions/all_dr2_fits/xsl_spectrum_X0422_uvb.fits
0.0015923566878980893,../../kcwi_extractions/all_dr2_fits/xsl_spectrum_X0644_uvb.fits
0.0015923566878980893,../../kcwi_extractions/all_dr2_fits/xsl_spectrum_X0143_uvb.fits
0.0015923566878980893,../../kcwi_extractions/all_dr2_fits/xsl_spectrum_X0325_uvb.fits
0.0015923566878980893,../../kcwi_extractions/all_dr2_fits/xsl_spectrum_X0142_uvb.fits
0.0015923566878980893,../../kcwi_extractions/all_dr2_fits/xsl_spectrum_X0671_uvb.fits
0.0015923566878980893,../../kcwi_extractions/all_dr2_fits/xsl_spectrum_X0417_uvb.fits
0.0015923566878980893,../../kcwi_extractions/all_dr2_fits/xsl_spectrum_X0887_uvb.fits
0.0015923566878980893,../../kcwi_extractions/all_dr2_fits/xsl_spectrum_X0416_uvb.fits
0.0015923566878980893,../../kcwi_extractions/all_dr2_fits/xsl_spectrum_X0886_uvb.fits
0.0015923566878980893,../../kcwi_extractions/all_dr2_fits/xsl_spectrum_X0670_uvb.fits
0.0015923566878980893,../../kcwi_extractions/all_dr2_fits/xsl_spectrum_X0815_uvb.fits
0.0015923566878980893,../../kcwi_extractions/all_dr2_fits/xsl_spectrum_X0485_uvb.fits
0.0015923566878980893,../../kcwi_extractions/all_dr2_fits/xsl_spectrum_X0484_uvb.fits
0.0015923566878980893,../../kcwi_extractions/all_dr2_fits/xsl_spectrum_X0778_uvb.fits
0.0015923566878980893,../../kcwi_extractions/all_dr2_fits/xsl_spectrum_X0638_uvb.fits
0.0015923566878980893,../../kcwi_extractions/all_dr2_fits/xsl_spectrum_X0639_uvb.fits
0.0015923566878980893,../../kcwi_extractions/all_dr2_fits/xsl_spectrum_X0198_uvb.fits
0.0015923566878980893,../../kcwi_extractions/all_dr2_fits/xsl_spectrum_X0199_uvb.fits
0.0015923566878980893,../../kcwi_extractions/all_dr2_fits/xsl_spectrum_X0556_uvb.fits
0.0015923566878980893,../../kcwi_extractions/all_dr2_fits/xsl_spectrum_X0730_uvb.fits
0.0015923566878980893,../../kcwi_extractions/all_dr2_fits/xsl_spectrum_X0731_uvb.fits
0.0015923566878980893,../../kcwi_extractions/all_dr2_fits/xsl_spectrum_X0557_uvb.fits
0.0015923566878980893,../../kcwi_extractions/all_dr2_fits/xsl_spectrum_X0002_uvb.fits
0.0015923566878980893,../../kcwi_extractions/all_dr2_fits/xsl_spectrum_X0265_uvb.fits
0.0015923566878980893,../../kcwi_extractions/all_dr2_fits/xsl_spectrum_X0281_uvb.fits
0.0015923566878980893,../../kcwi_extractions/all_dr2_fits/xsl_spectrum_X0280_uvb.fits
0.0015923566878980893,../../kcwi_extractions/all_dr2_fits/xsl_spectrum_X0428_uvb.fits
0.0015923566878980893,../../kcwi_extractions/all_dr2_fits/xsl_spectrum_X0389_uvb.fits
0.0015923566878980893,../../kcwi_extractions/all_dr2_fits/xsl_spectrum_X0388_uvb.fits
0.0015923566878980893,../../kcwi_extractions/all_dr2_fits/xsl_spectrum_X0747_uvb.fits
0.0015923566878980893,../../kcwi_extractions/all_dr2_fits/xsl_spectrum_X0521_uvb.fits
0.0015923566878980893,../../kcwi_extractions/all_dr2_fits/xsl_spectrum_X0520_uvb.fits
0.0015923566878980893,../../kcwi_extractions/all_dr2_fits/xsl_spectrum_X0746_uvb.fits
0.0015923566878980893,../../kcwi_extractions/all_dr2_fits/xsl_spectrum_X0075_uvb.fits
0.0015923566878980893,../../kcwi_extractions/all_dr2_fits/xsl_spectrum_X0213_uvb.fits
0.0015923566878980893,../../kcwi_extractions/all_dr2_fits/xsl_spectrum_X0212_uvb.fits
0.0015923566878980893,../../kcwi_extractions/all_dr2_fits/xsl_spectrum_X0074_uvb.fits
0.0015923566878980893,../../kcwi_extractions/all_dr2_fits/xsl_spectrum_X0352_uvb.fits
0.0015923566878980893,../../kcwi_extractions/all_dr2_fits/xsl_spectrum_X0134_uvb.fits
0.0015923566878980893,../../kcwi_extractions/all_dr2_fits/xsl_spectrum_X0460_uvb.fits
0.0015923566878980893,../../kcwi_extractions/all_dr2_fits/xsl_spectrum_X0607_uvb.fits
0.0015923566878980893,../../kcwi_extractions/all_dr2_fits/xsl_spectrum_X0461_uvb.fits
0.0015923566878980893,../../kcwi_extractions/all_dr2_fits/xsl_spectrum_X0694_uvb.fits
0.0015923566878980893,../../kcwi_extractions/all_dr2_fits/xsl_spectrum_X0695_uvb.fits
0.0015923566878980893,../../kcwi_extractions/all_dr2_fits/xsl_spectrum_X0863_uvb.fits
0.0015923566878980893,../../kcwi_extractions/all_dr2_fits/xsl_spectrum_X0568_uvb.fits
0.0015923566878980893,../../kcwi_extractions/all_dr2_fits/xsl_spectrum_X0569_uvb.fits
0.0015923566878980893,../../kcwi_extractions/all_dr2_fits/xsl_spectrum_X0361_uvb.fits
0.0015923566878980893,../../kcwi_extractions/all_dr2_fits/xsl_spectrum_X0360_uvb.fits
0.0015923566878980893,../../kcwi_extractions/all_dr2_fits/xsl_spectrum_X0106_uvb.fits
0.0015923566878980893,../../kcwi_extractions/all_dr2_fits/xsl_spectrum_X0453_uvb.fits
0.0015923566878980893,../../kcwi_extractions/all_dr2_fits/xsl_spectrum_X0452_uvb.fits
0.0015923566878980893,../../kcwi_extractions/all_dr2_fits/xsl_spectrum_X0634_uvb.fits
0.0015923566878980893,../../kcwi_extractions/all_dr2_fits/xsl_spectrum_X0269_uvb.fits
0.0015923566878980893,../../kcwi_extractions/all_dr2_fits/xsl_spectrum_X0268_uvb.fits
0.0015923566878980893,../../kcwi_extractions/all_dr2_fits/xsl_spectrum_X0851_uvb.fits
0.0015923566878980893,../../kcwi_extractions/all_dr2_fits/xsl_spectrum_X0850_uvb.fits
0.0015923566878980893,../../kcwi_extractions/all_dr2_fits/xsl_spectrum_X0195_uvb.fits
0.0015923566878980893,../../kcwi_extractions/all_dr2_fits/xsl_spectrum_X0194_uvb.fits
0.0015923566878980893,../../kcwi_extractions/all_dr2_fits/xsl_spectrum_X0580_uvb.fits
0.0015923566878980893,../../kcwi_extractions/all_dr2_fits/xsl_spectrum_X0910_uvb.fits
0.0015923566878980893,../../kcwi_extractions/all_dr2_fits/xsl_spectrum_X0581_uvb.fits
0.0015923566878980893,../../kcwi_extractions/all_dr2_fits/xsl_spectrum_X0911_uvb.fits
0.0015923566878980893,../../kcwi_extractions/all_dr2_fits/xsl_spectrum_X0328_uvb.fits
0.0015923566878980893,../../kcwi_extractions/all_dr2_fits/xsl_spectrum_X0775_uvb.fits
0.0015923566878980893,../../kcwi_extractions/all_dr2_fits/xsl_spectrum_X0818_uvb.fits
0.0015923566878980893,../../kcwi_extractions/all_dr2_fits/xsl_spectrum_X0488_uvb.fits
0.0015923566878980893,../../kcwi_extractions/all_dr2_fits/xsl_spectrum_X0489_uvb.fits
0.0015923566878980893,../../kcwi_extractions/all_dr2_fits/xsl_spectrum_X0220_uvb.fits
0.0015923566878980893,../../kcwi_extractions/all_dr2_fits/xsl_spectrum_X0221_uvb.fits
0.0015923566878980893,../../kcwi_extractions/all_dr2_fits/xsl_spectrum_X0791_uvb.fits
0.0015923566878980893,../../kcwi_extractions/all_dr2_fits/xsl_spectrum_X0139_uvb.fits
0.0015923566878980893,../../kcwi_extractions/all_dr2_fits/xsl_spectrum_X0138_uvb.fits
0.0015923566878980893,../../kcwi_extractions/all_dr2_fits/xsl_spectrum_X0703_uvb.fits
0.0015923566878980893,../../kcwi_extractions/all_dr2_fits/xsl_spectrum_X0565_uvb.fits
0.0015923566878980893,../../kcwi_extractions/all_dr2_fits/xsl_spectrum_X0564_uvb.fits
0.0015923566878980893,../../kcwi_extractions/all_dr2_fits/xsl_spectrum_X0702_uvb.fits
0.0015923566878980893,../../kcwi_extractions/all_dr2_fits/xsl_spectrum_X0699_uvb.fits
0.0015923566878980893,../../kcwi_extractions/all_dr2_fits/xsl_spectrum_X0698_uvb.fits
0.0015923566878980893,../../kcwi_extractions/all_dr2_fits/xsl_spectrum_X0031_uvb.fits
0.0015923566878980893,../../kcwi_extractions/all_dr2_fits/xsl_spectrum_X0257_uvb.fits
0.0015923566878980893,../../kcwi_extractions/all_dr2_fits/xsl_spectrum_X0170_uvb.fits
0.0015923566878980893,../../kcwi_extractions/all_dr2_fits/xsl_spectrum_X0171_uvb.fits
0.0015923566878980893,../../kcwi_extractions/all_dr2_fits/xsl_spectrum_X0424_uvb.fits
0.0015923566878980893,../../kcwi_extractions/all_dr2_fits/xsl_spectrum_X0642_uvb.fits
0.0015923566878980893,../../kcwi_extractions/all_dr2_fits/xsl_spectrum_X0643_uvb.fits
0.0015923566878980893,../../kcwi_extractions/all_dr2_fits/xsl_spectrum_X0826_uvb.fits
0.0015923566878980893,../../kcwi_extractions/all_dr2_fits/xsl_spectrum_X0827_uvb.fits
0.0015923566878980893,../../kcwi_extractions/all_dr2_fits/xsl_spectrum_X0384_uvb.fits
0.0015923566878980893,../../kcwi_extractions/all_dr2_fits/xsl_spectrum_X0385_uvb.fits
0.0015923566878980893,../../kcwi_extractions/all_dr2_fits/xsl_spectrum_X0482_uvb.fits
0.0015923566878980893,../../kcwi_extractions/all_dr2_fits/xsl_spectrum_X0483_uvb.fits
0.0015923566878980893,../../kcwi_extractions/all_dr2_fits/xsl_spectrum_X0518_uvb.fits
0.0015923566878980893,../../kcwi_extractions/all_dr2_fits/xsl_spectrum_X0519_uvb.fits
0.0015923566878980893,../../kcwi_extractions/all_dr2_fits/xsl_spectrum_X0323_uvb.fits
0.0015923566878980893,../../kcwi_extractions/all_dr2_fits/xsl_spectrum_X0880_uvb.fits
0.0015923566878980893,../../kcwi_extractions/all_dr2_fits/xsl_spectrum_X0410_uvb.fits
0.0015923566878980893,../../kcwi_extractions/all_dr2_fits/xsl_spectrum_X0676_uvb.fits
0.0015923566878980893,../../kcwi_extractions/all_dr2_fits/xsl_spectrum_X0677_uvb.fits
0.0015923566878980893,../../kcwi_extractions/all_dr2_fits/xsl_spectrum_X0881_uvb.fits
0.0015923566878980893,../../kcwi_extractions/all_dr2_fits/xsl_spectrum_X0411_uvb.fits
0.0015923566878980893,../../kcwi_extractions/all_dr2_fits/xsl_spectrum_X0737_uvb.fits
0.0015923566878980893,../../kcwi_extractions/all_dr2_fits/xsl_spectrum_X0551_uvb.fits
0.0015923566878980893,../../kcwi_extractions/all_dr2_fits/xsl_spectrum_X0550_uvb.fits
0.0015923566878980893,../../kcwi_extractions/all_dr2_fits/xsl_spectrum_X0736_uvb.fits
0.0015923566878980893,../../kcwi_extractions/all_dr2_fits/xsl_spectrum_X0005_uvb.fits
0.0015923566878980893,../../kcwi_extractions/all_dr2_fits/xsl_spectrum_X0263_uvb.fits
0.0015923566878980893,../../kcwi_extractions/all_dr2_fits/xsl_spectrum_X0004_uvb.fits
0.0015923566878980893,../../kcwi_extractions/all_dr2_fits/xsl_spectrum_X0459_uvb.fits
0.0015923566878980893,../../kcwi_extractions/all_dr2_fits/xsl_spectrum_X0458_uvb.fits
0.0015923566878980893,../../kcwi_extractions/all_dr2_fits/xsl_spectrum_X0526_uvb.fits
0.0015923566878980893,../../kcwi_extractions/all_dr2_fits/xsl_spectrum_X0741_uvb.fits
0.0015923566878980893,../../kcwi_extractions/all_dr2_fits/xsl_spectrum_X0527_uvb.fits
0.0015923566878980893,../../kcwi_extractions/all_dr2_fits/xsl_spectrum_X0214_uvb.fits
0.0015923566878980893,../../kcwi_extractions/all_dr2_fits/xsl_spectrum_X0072_uvb.fits
0.0015923566878980893,../../kcwi_extractions/all_dr2_fits/xsl_spectrum_X0073_uvb.fits
0.0015923566878980893,../../kcwi_extractions/all_dr2_fits/xsl_spectrum_X0286_uvb.fits
0.0015923566878980893,../../kcwi_extractions/all_dr2_fits/xsl_spectrum_X0287_uvb.fits
0.0015923566878980893,../../kcwi_extractions/all_dr2_fits/xsl_spectrum_X0648_uvb.fits
0.0015923566878980893,../../kcwi_extractions/all_dr2_fits/xsl_spectrum_X0649_uvb.fits
0.0015923566878980893,../../kcwi_extractions/all_dr2_fits/xsl_spectrum_X0865_uvb.fits
0.0015923566878980893,../../kcwi_extractions/all_dr2_fits/xsl_spectrum_X0692_uvb.fits
0.0015923566878980893,../../kcwi_extractions/all_dr2_fits/xsl_spectrum_X0133_uvb.fits
0.0015923566878980893,../../kcwi_extractions/all_dr2_fits/xsl_spectrum_X0355_uvb.fits
0.0015923566878980893,../../kcwi_extractions/all_dr2_fits/xsl_spectrum_X0354_uvb.fits
0.0015923566878980893,../../kcwi_extractions/all_dr2_fits/xsl_spectrum_X0601_uvb.fits
0.0015923566878980893,../../kcwi_extractions/all_dr2_fits/xsl_spectrum_X0467_uvb.fits
0.0015923566878980893,../../kcwi_extractions/all_dr2_fits/xsl_spectrum_X0466_uvb.fits
0.0015923566878980893,../../kcwi_extractions/all_dr2_fits/xsl_spectrum_X0600_uvb.fits
0.0015923566878980893,../../kcwi_extractions/all_dr2_fits/xsl_spectrum_X0763_uvb.fits
0.0015923566878980893,../../kcwi_extractions/all_dr2_fits/xsl_spectrum_X0504_uvb.fits
0.0015923566878980893,../../kcwi_extractions/all_dr2_fits/xsl_spectrum_X0050_uvb.fits
0.0015923566878980893,../../kcwi_extractions/all_dr2_fits/xsl_spectrum_X0907_uvb.fits
0.0015923566878980893,../../kcwi_extractions/all_dr2_fits/xsl_spectrum_X0597_uvb.fits
0.0015923566878980893,../../kcwi_extractions/all_dr2_fits/xsl_spectrum_X0906_uvb.fits
0.0015923566878980893,../../kcwi_extractions/all_dr2_fits/xsl_spectrum_X0596_uvb.fits
0.0015923566878980893,../../kcwi_extractions/all_dr2_fits/xsl_spectrum_X0846_uvb.fits
0.0015923566878980893,../../kcwi_extractions/all_dr2_fits/xsl_spectrum_X0847_uvb.fits
0.0015923566878980893,../../kcwi_extractions/all_dr2_fits/xsl_spectrum_X0110_uvb.fits
0.0015923566878980893,../../kcwi_extractions/all_dr2_fits/xsl_spectrum_X0376_uvb.fits
0.0015923566878980893,../../kcwi_extractions/all_dr2_fits/xsl_spectrum_X0377_uvb.fits
0.0015923566878980893,../../kcwi_extractions/all_dr2_fits/xsl_spectrum_X0622_uvb.fits
0.0015923566878980893,../../kcwi_extractions/all_dr2_fits/xsl_spectrum_X0444_uvb.fits
0.0015923566878980893,../../kcwi_extractions/all_dr2_fits/xsl_spectrum_X0445_uvb.fits
0.0015923566878980893,../../kcwi_extractions/all_dr2_fits/xsl_spectrum_X0623_uvb.fits
0.0015923566878980893,../../kcwi_extractions/all_dr2_fits/xsl_spectrum_X0831_uvb.fits
0.0015923566878980893,../../kcwi_extractions/all_dr2_fits/xsl_spectrum_X0830_uvb.fits
0.0015923566878980893,../../kcwi_extractions/all_dr2_fits/xsl_spectrum_X0208_uvb.fits
0.0015923566878980893,../../kcwi_extractions/all_dr2_fits/xsl_spectrum_X0393_uvb.fits
0.0015923566878980893,../../kcwi_extractions/all_dr2_fits/xsl_spectrum_X0392_uvb.fits
0.0015923566878980893,../../kcwi_extractions/all_dr2_fits/xsl_spectrum_X0300_uvb.fits
0.0015923566878980893,../../kcwi_extractions/all_dr2_fits/xsl_spectrum_X0433_uvb.fits
0.0015923566878980893,../../kcwi_extractions/all_dr2_fits/xsl_spectrum_X0655_uvb.fits
0.0015923566878980893,../../kcwi_extractions/all_dr2_fits/xsl_spectrum_X0654_uvb.fits
0.0015923566878980893,../../kcwi_extractions/all_dr2_fits/xsl_spectrum_X0432_uvb.fits
0.0015923566878980893,../../kcwi_extractions/all_dr2_fits/xsl_spectrum_X0714_uvb.fits
0.0015923566878980893,../../kcwi_extractions/all_dr2_fits/xsl_spectrum_X0572_uvb.fits
0.0015923566878980893,../../kcwi_extractions/all_dr2_fits/xsl_spectrum_X0573_uvb.fits
0.0015923566878980893,../../kcwi_extractions/all_dr2_fits/xsl_spectrum_X0715_uvb.fits
0.0015923566878980893,../../kcwi_extractions/all_dr2_fits/xsl_spectrum_X0026_uvb.fits
0.0015923566878980893,../../kcwi_extractions/all_dr2_fits/xsl_spectrum_X0241_uvb.fits
0.0015923566878980893,../../kcwi_extractions/all_dr2_fits/xsl_spectrum_X0878_uvb.fits
0.0015923566878980893,../../kcwi_extractions/all_dr2_fits/xsl_spectrum_X0879_uvb.fits
0.0015923566878980893,../../kcwi_extractions/all_dr2_fits/xsl_spectrum_X0348_uvb.fits
0.0015923566878980893,../../kcwi_extractions/all_dr2_fits/xsl_spectrum_X0349_uvb.fits
0.0015923566878980893,../../kcwi_extractions/all_dr2_fits/xsl_spectrum_X0786_uvb.fits
0.0015923566878980893,../../kcwi_extractions/all_dr2_fits/xsl_spectrum_X0787_uvb.fits
0.0015923566878980893,../../kcwi_extractions/all_dr2_fits/xsl_spectrum_X0628_uvb.fits
0.0015923566878980893,../../kcwi_extractions/all_dr2_fits/xsl_spectrum_X0629_uvb.fits
0.0015923566878980893,../../kcwi_extractions/all_dr2_fits/xsl_spectrum_X0720_uvb.fits
0.0015923566878980893,../../kcwi_extractions/all_dr2_fits/xsl_spectrum_X0546_uvb.fits
0.0015923566878980893,../../kcwi_extractions/all_dr2_fits/xsl_spectrum_X0547_uvb.fits
0.0015923566878980893,../../kcwi_extractions/all_dr2_fits/xsl_spectrum_X0721_uvb.fits
0.0015923566878980893,../../kcwi_extractions/all_dr2_fits/xsl_spectrum_X0274_uvb.fits
0.0015923566878980893,../../kcwi_extractions/all_dr2_fits/xsl_spectrum_X0275_uvb.fits
0.0015923566878980893,../../kcwi_extractions/all_dr2_fits/xsl_spectrum_X0153_uvb.fits
0.0015923566878980893,../../kcwi_extractions/all_dr2_fits/xsl_spectrum_X0152_uvb.fits
0.0015923566878980893,../../kcwi_extractions/all_dr2_fits/xsl_spectrum_X0407_uvb.fits
0.0015923566878980893,../../kcwi_extractions/all_dr2_fits/xsl_spectrum_X0897_uvb.fits
0.0015923566878980893,../../kcwi_extractions/all_dr2_fits/xsl_spectrum_X0661_uvb.fits
0.0015923566878980893,../../kcwi_extractions/all_dr2_fits/xsl_spectrum_X0660_uvb.fits
0.0015923566878980893,../../kcwi_extractions/all_dr2_fits/xsl_spectrum_X0406_uvb.fits
0.0015923566878980893,../../kcwi_extractions/all_dr2_fits/xsl_spectrum_X0495_uvb.fits
0.0015923566878980893,../../kcwi_extractions/all_dr2_fits/xsl_spectrum_X0804_uvb.fits
0.0015923566878980893,../../kcwi_extractions/all_dr2_fits/xsl_spectrum_X0494_uvb.fits
0.0015923566878980893,../../kcwi_extractions/all_dr2_fits/xsl_spectrum_X0769_uvb.fits
0.0015923566878980893,../../kcwi_extractions/all_dr2_fits/xsl_spectrum_X0768_uvb.fits
0.0015923566878980893,../../kcwi_extractions/all_dr2_fits/xsl_spectrum_X0616_uvb.fits
0.0015923566878980893,../../kcwi_extractions/all_dr2_fits/xsl_spectrum_X0470_uvb.fits
0.0015923566878980893,../../kcwi_extractions/all_dr2_fits/xsl_spectrum_X0471_uvb.fits
0.0015923566878980893,../../kcwi_extractions/all_dr2_fits/xsl_spectrum_X0617_uvb.fits
0.0015923566878980893,../../kcwi_extractions/all_dr2_fits/xsl_spectrum_X0684_uvb.fits
0.0015923566878980893,../../kcwi_extractions/all_dr2_fits/xsl_spectrum_X0872_uvb.fits
0.0015923566878980893,../../kcwi_extractions/all_dr2_fits/xsl_spectrum_X0873_uvb.fits
0.0015923566878980893,../../kcwi_extractions/all_dr2_fits/xsl_spectrum_X0685_uvb.fits
0.0015923566878980893,../../kcwi_extractions/all_dr2_fits/xsl_spectrum_X0578_uvb.fits
0.0015923566878980893,../../kcwi_extractions/all_dr2_fits/xsl_spectrum_X0579_uvb.fits
0.0015923566878980893,../../kcwi_extractions/all_dr2_fits/xsl_spectrum_X0439_uvb.fits
0.0015923566878980893,../../kcwi_extractions/all_dr2_fits/xsl_spectrum_X0438_uvb.fits
0.0015923566878980893,../../kcwi_extractions/all_dr2_fits/xsl_spectrum_X0291_uvb.fits
0.0015923566878980893,../../kcwi_extractions/all_dr2_fits/xsl_spectrum_X0290_uvb.fits
0.0015923566878980893,../../kcwi_extractions/all_dr2_fits/xsl_spectrum_X0531_uvb.fits
0.0015923566878980893,../../kcwi_extractions/all_dr2_fits/xsl_spectrum_X0757_uvb.fits
0.0015923566878980893,../../kcwi_extractions/all_dr2_fits/xsl_spectrum_X0756_uvb.fits
0.0015923566878980893,../../kcwi_extractions/all_dr2_fits/xsl_spectrum_X0530_uvb.fits
0.0015923566878980893,../../kcwi_extractions/all_dr2_fits/xsl_spectrum_X0399_uvb.fits
0.0015923566878980893,../../kcwi_extractions/all_dr2_fits/xsl_spectrum_X0203_uvb.fits
0.0015923566878980893,../../kcwi_extractions/all_dr2_fits/xsl_spectrum_X0065_uvb.fits
0.0015923566878980893,../../kcwi_extractions/all_dr2_fits/xsl_spectrum_X0672_uvb.fits
0.0015923566878980893,../../kcwi_extractions/all_dr2_fits/xsl_spectrum_X0414_uvb.fits
0.0015923566878980893,../../kcwi_extractions/all_dr2_fits/xsl_spectrum_X0884_uvb.fits
0.0015923566878980893,../../kcwi_extractions/all_dr2_fits/xsl_spectrum_X0415_uvb.fits
0.0015923566878980893,../../kcwi_extractions/all_dr2_fits/xsl_spectrum_X0885_uvb.fits
0.0015923566878980893,../../kcwi_extractions/all_dr2_fits/xsl_spectrum_X0673_uvb.fits
0.0015923566878980893,../../kcwi_extractions/all_dr2_fits/xsl_spectrum_X0140_uvb.fits
0.0015923566878980893,../../kcwi_extractions/all_dr2_fits/xsl_spectrum_X0326_uvb.fits
0.0015923566878980893,../../kcwi_extractions/all_dr2_fits/xsl_spectrum_X0327_uvb.fits
0.0015923566878980893,../../kcwi_extractions/all_dr2_fits/xsl_spectrum_X0141_uvb.fits
0.0015923566878980893,../../kcwi_extractions/all_dr2_fits/xsl_spectrum_X0816_uvb.fits
0.0015923566878980893,../../kcwi_extractions/all_dr2_fits/xsl_spectrum_X0486_uvb.fits
0.0015923566878980893,../../kcwi_extractions/all_dr2_fits/xsl_spectrum_X0817_uvb.fits
0.0015923566878980893,../../kcwi_extractions/all_dr2_fits/xsl_spectrum_X0487_uvb.fits
0.0015923566878980893,../../kcwi_extractions/all_dr2_fits/xsl_spectrum_X0092_uvb.fits
0.0015923566878980893,../../kcwi_extractions/all_dr2_fits/xsl_spectrum_X0267_uvb.fits
0.0015923566878980893,../../kcwi_extractions/all_dr2_fits/xsl_spectrum_X0266_uvb.fits
0.0015923566878980893,../../kcwi_extractions/all_dr2_fits/xsl_spectrum_X0555_uvb.fits
0.0015923566878980893,../../kcwi_extractions/all_dr2_fits/xsl_spectrum_X0733_uvb.fits
0.0015923566878980893,../../kcwi_extractions/all_dr2_fits/xsl_spectrum_X0732_uvb.fits
0.0015923566878980893,../../kcwi_extractions/all_dr2_fits/xsl_spectrum_X0554_uvb.fits
0.0015923566878980893,../../kcwi_extractions/all_dr2_fits/xsl_spectrum_X0282_uvb.fits
0.0015923566878980893,../../kcwi_extractions/all_dr2_fits/xsl_spectrum_X0283_uvb.fits
0.0015923566878980893,../../kcwi_extractions/all_dr2_fits/xsl_spectrum_X0210_uvb.fits
0.0015923566878980893,../../kcwi_extractions/all_dr2_fits/xsl_spectrum_X0211_uvb.fits
0.0015923566878980893,../../kcwi_extractions/all_dr2_fits/xsl_spectrum_X0077_uvb.fits
0.0015923566878980893,../../kcwi_extractions/all_dr2_fits/xsl_spectrum_X0828_uvb.fits
0.0015923566878980893,../../kcwi_extractions/all_dr2_fits/xsl_spectrum_X0829_uvb.fits
0.0015923566878980893,../../kcwi_extractions/all_dr2_fits/xsl_spectrum_X0744_uvb.fits
0.0015923566878980893,../../kcwi_extractions/all_dr2_fits/xsl_spectrum_X0522_uvb.fits
0.0015923566878980893,../../kcwi_extractions/all_dr2_fits/xsl_spectrum_X0523_uvb.fits
0.0015923566878980893,../../kcwi_extractions/all_dr2_fits/xsl_spectrum_X0463_uvb.fits
0.0015923566878980893,../../kcwi_extractions/all_dr2_fits/xsl_spectrum_X0604_uvb.fits
0.0015923566878980893,../../kcwi_extractions/all_dr2_fits/xsl_spectrum_X0351_uvb.fits
0.0015923566878980893,../../kcwi_extractions/all_dr2_fits/xsl_spectrum_X0137_uvb.fits
0.0015923566878980893,../../kcwi_extractions/all_dr2_fits/xsl_spectrum_X0350_uvb.fits
0.0015923566878980893,../../kcwi_extractions/all_dr2_fits/xsl_spectrum_X0861_uvb.fits
0.0015923566878980893,../../kcwi_extractions/all_dr2_fits/xsl_spectrum_X0697_uvb.fits
0.0015923566878980893,../../kcwi_extractions/all_dr2_fits/xsl_spectrum_X0696_uvb.fits
0.0015923566878980893,../../kcwi_extractions/all_dr2_fits/xsl_spectrum_X0860_uvb.fits
0.0015923566878980893,../../kcwi_extractions/all_dr2_fits/xsl_spectrum_X0258_uvb.fits
0.0015923566878980893,../../kcwi_extractions/all_dr2_fits/xsl_spectrum_X0739_uvb.fits
0.0015923566878980893,../../kcwi_extractions/all_dr2_fits/xsl_spectrum_X0738_uvb.fits
0.0015923566878980893,../../kcwi_extractions/all_dr2_fits/xsl_spectrum_X0855_uvb.fits
0.0015923566878980893,../../kcwi_extractions/all_dr2_fits/xsl_spectrum_X0854_uvb.fits
0.0015923566878980893,../../kcwi_extractions/all_dr2_fits/xsl_spectrum_X0099_uvb.fits
0.0015923566878980893,../../kcwi_extractions/all_dr2_fits/xsl_spectrum_X0631_uvb.fits
0.0015923566878980893,../../kcwi_extractions/all_dr2_fits/xsl_spectrum_X0630_uvb.fits
0.0015923566878980893,../../kcwi_extractions/all_dr2_fits/xsl_spectrum_X0456_uvb.fits
0.0015923566878980893,../../kcwi_extractions/all_dr2_fits/xsl_spectrum_X0365_uvb.fits
0.0015923566878980893,../../kcwi_extractions/all_dr2_fits/xsl_spectrum_X0364_uvb.fits
0.0015923566878980893,../../kcwi_extractions/all_dr2_fits/xsl_spectrum_X0224_uvb.fits
0.0015923566878980893,../../kcwi_extractions/all_dr2_fits/xsl_spectrum_X0225_uvb.fits
0.0015923566878980893,../../kcwi_extractions/all_dr2_fits/xsl_spectrum_X0770_uvb.fits
0.0015923566878980893,../../kcwi_extractions/all_dr2_fits/xsl_spectrum_X0517_uvb.fits
0.0015923566878980893,../../kcwi_extractions/all_dr2_fits/xsl_spectrum_X0771_uvb.fits
0.0015923566878980893,../../kcwi_extractions/all_dr2_fits/xsl_spectrum_X0584_uvb.fits
0.0015923566878980893,../../kcwi_extractions/all_dr2_fits/xsl_spectrum_X0585_uvb.fits
0.0015923566878980893,../../kcwi_extractions/all_dr2_fits/xsl_spectrum_X0678_uvb.fits
0.0015923566878980893,../../kcwi_extractions/all_dr2_fits/xsl_spectrum_X0679_uvb.fits
0.0015923566878980893,../../kcwi_extractions/all_dr2_fits/xsl_spectrum_X0034_uvb.fits
0.0015923566878980893,../../kcwi_extractions/all_dr2_fits/xsl_spectrum_X0561_uvb.fits
0.0015923566878980893,../../kcwi_extractions/all_dr2_fits/xsl_spectrum_X0560_uvb.fits
0.0015923566878980893,../../kcwi_extractions/all_dr2_fits/xsl_spectrum_X0795_uvb.fits
0.0015923566878980893,../../kcwi_extractions/all_dr2_fits/xsl_spectrum_X0794_uvb.fits
0.0015923566878980893,../../kcwi_extractions/all_dr2_fits/xsl_spectrum_X0469_uvb.fits
0.0015923566878980893,../../kcwi_extractions/all_dr2_fits/xsl_spectrum_X0468_uvb.fits
0.0015923566878980893,../../kcwi_extractions/all_dr2_fits/xsl_spectrum_X0380_uvb.fits
0.0015923566878980893,../../kcwi_extractions/all_dr2_fits/xsl_spectrum_X0381_uvb.fits
0.0015923566878980893,../../kcwi_extractions/all_dr2_fits/xsl_spectrum_X0529_uvb.fits
0.0015923566878980893,../../kcwi_extractions/all_dr2_fits/xsl_spectrum_X0288_uvb.fits
0.0015923566878980893,../../kcwi_extractions/all_dr2_fits/xsl_spectrum_X0289_uvb.fits
0.0015923566878980893,../../kcwi_extractions/all_dr2_fits/xsl_spectrum_X0646_uvb.fits
0.0015923566878980893,../../kcwi_extractions/all_dr2_fits/xsl_spectrum_X0420_uvb.fits
0.0015923566878980893,../../kcwi_extractions/all_dr2_fits/xsl_spectrum_X0421_uvb.fits
0.0015923566878980893,../../kcwi_extractions/all_dr2_fits/xsl_spectrum_X0647_uvb.fits
0.0015923566878980893,../../kcwi_extractions/all_dr2_fits/xsl_spectrum_X0313_uvb.fits
0.0015923566878980893,../../kcwi_extractions/all_dr2_fits/xsl_spectrum_X0175_uvb.fits
0.0015923566878980893,../../kcwi_extractions/all_dr2_fits/xsl_spectrum_X0848_uvb.fits
0.0015923566878980893,../../kcwi_extractions/all_dr2_fits/xsl_spectrum_X0849_uvb.fits
0.0015923566878980893,../../kcwi_extractions/all_dr2_fits/xsl_spectrum_X0270_uvb.fits
0.0015923566878980893,../../kcwi_extractions/all_dr2_fits/xsl_spectrum_X0017_uvb.fits
0.0015923566878980893,../../kcwi_extractions/all_dr2_fits/xsl_spectrum_X0271_uvb.fits
0.0015923566878980893,../../kcwi_extractions/all_dr2_fits/xsl_spectrum_X0542_uvb.fits
0.0015923566878980893,../../kcwi_extractions/all_dr2_fits/xsl_spectrum_X0378_uvb.fits
0.0015923566878980893,../../kcwi_extractions/all_dr2_fits/xsl_spectrum_X0379_uvb.fits
0.0015923566878980893,../../kcwi_extractions/all_dr2_fits/xsl_spectrum_X0238_uvb.fits
0.0015923566878980893,../../kcwi_extractions/all_dr2_fits/xsl_spectrum_X0491_uvb.fits
0.0015923566878980893,../../kcwi_extractions/all_dr2_fits/xsl_spectrum_X0801_uvb.fits
0.0015923566878980893,../../kcwi_extractions/all_dr2_fits/xsl_spectrum_X0490_uvb.fits
0.0015923566878980893,../../kcwi_extractions/all_dr2_fits/xsl_spectrum_X0665_uvb.fits
0.0015923566878980893,../../kcwi_extractions/all_dr2_fits/xsl_spectrum_X0893_uvb.fits
0.0015923566878980893,../../kcwi_extractions/all_dr2_fits/xsl_spectrum_X0403_uvb.fits
0.0015923566878980893,../../kcwi_extractions/all_dr2_fits/xsl_spectrum_X0892_uvb.fits
0.0015923566878980893,../../kcwi_extractions/all_dr2_fits/xsl_spectrum_X0402_uvb.fits
0.0015923566878980893,../../kcwi_extractions/all_dr2_fits/xsl_spectrum_X0664_uvb.fits
0.0015923566878980893,../../kcwi_extractions/all_dr2_fits/xsl_spectrum_X0157_uvb.fits
0.0015923566878980893,../../kcwi_extractions/all_dr2_fits/xsl_spectrum_X0909_uvb.fits
0.0015923566878980893,../../kcwi_extractions/all_dr2_fits/xsl_spectrum_X0599_uvb.fits
0.0015923566878980893,../../kcwi_extractions/all_dr2_fits/xsl_spectrum_X0908_uvb.fits
0.0015923566878980893,../../kcwi_extractions/all_dr2_fits/xsl_spectrum_X0598_uvb.fits
0.0015923566878980893,../../kcwi_extractions/all_dr2_fits/xsl_spectrum_X0680_uvb.fits
0.0015923566878980893,../../kcwi_extractions/all_dr2_fits/xsl_spectrum_X0681_uvb.fits
0.0015923566878980893,../../kcwi_extractions/all_dr2_fits/xsl_spectrum_X0877_uvb.fits
0.0015923566878980893,../../kcwi_extractions/all_dr2_fits/xsl_spectrum_X0474_uvb.fits
0.0015923566878980893,../../kcwi_extractions/all_dr2_fits/xsl_spectrum_X0612_uvb.fits
0.0015923566878980893,../../kcwi_extractions/all_dr2_fits/xsl_spectrum_X0613_uvb.fits
0.0015923566878980893,../../kcwi_extractions/all_dr2_fits/xsl_spectrum_X0475_uvb.fits
0.0015923566878980893,../../kcwi_extractions/all_dr2_fits/xsl_spectrum_X0120_uvb.fits
0.0015923566878980893,../../kcwi_extractions/all_dr2_fits/xsl_spectrum_X0347_uvb.fits
0.0015923566878980893,../../kcwi_extractions/all_dr2_fits/xsl_spectrum_X0788_uvb.fits
0.0015923566878980893,../../kcwi_extractions/all_dr2_fits/xsl_spectrum_X0789_uvb.fits
0.0015923566878980893,../../kcwi_extractions/all_dr2_fits/xsl_spectrum_X0207_uvb.fits
0.0015923566878980893,../../kcwi_extractions/all_dr2_fits/xsl_spectrum_X0206_uvb.fits
0.0015923566878980893,../../kcwi_extractions/all_dr2_fits/xsl_spectrum_X0753_uvb.fits
0.0015923566878980893,../../kcwi_extractions/all_dr2_fits/xsl_spectrum_X0535_uvb.fits
0.0015923566878980893,../../kcwi_extractions/all_dr2_fits/xsl_spectrum_X0752_uvb.fits
0.0015923566878980893,../../kcwi_extractions/all_dr2_fits/xsl_spectrum_X0295_uvb.fits
0.0015923566878980893,../../kcwi_extractions/all_dr2_fits/xsl_spectrum_X0294_uvb.fits
0.0015923566878980893,../../kcwi_extractions/all_dr2_fits/xsl_spectrum_X0593_uvb.fits
0.0015923566878980893,../../kcwi_extractions/all_dr2_fits/xsl_spectrum_X0903_uvb.fits
0.0015923566878980893,../../kcwi_extractions/all_dr2_fits/xsl_spectrum_X0592_uvb.fits
0.0015923566878980893,../../kcwi_extractions/all_dr2_fits/xsl_spectrum_X0902_uvb.fits
0.0015923566878980893,../../kcwi_extractions/all_dr2_fits/xsl_spectrum_X0409_uvb.fits
0.0015923566878980893,../../kcwi_extractions/all_dr2_fits/xsl_spectrum_X0899_uvb.fits
0.0015923566878980893,../../kcwi_extractions/all_dr2_fits/xsl_spectrum_X0408_uvb.fits
0.0015923566878980893,../../kcwi_extractions/all_dr2_fits/xsl_spectrum_X0898_uvb.fits
0.0015923566878980893,../../kcwi_extractions/all_dr2_fits/xsl_spectrum_X0233_uvb.fits
0.0015923566878980893,../../kcwi_extractions/all_dr2_fits/xsl_spectrum_X0232_uvb.fits
0.0015923566878980893,../../kcwi_extractions/all_dr2_fits/xsl_spectrum_X0767_uvb.fits
0.0015923566878980893,../../kcwi_extractions/all_dr2_fits/xsl_spectrum_X0501_uvb.fits
0.0015923566878980893,../../kcwi_extractions/all_dr2_fits/xsl_spectrum_X0500_uvb.fits
0.0015923566878980893,../../kcwi_extractions/all_dr2_fits/xsl_spectrum_X0440_uvb.fits
0.0015923566878980893,../../kcwi_extractions/all_dr2_fits/xsl_spectrum_X0626_uvb.fits
0.0015923566878980893,../../kcwi_extractions/all_dr2_fits/xsl_spectrum_X0627_uvb.fits
0.0015923566878980893,../../kcwi_extractions/all_dr2_fits/xsl_spectrum_X0441_uvb.fits
0.0015923566878980893,../../kcwi_extractions/all_dr2_fits/xsl_spectrum_X0372_uvb.fits
0.0015923566878980893,../../kcwi_extractions/all_dr2_fits/xsl_spectrum_X0373_uvb.fits
0.0015923566878980893,../../kcwi_extractions/all_dr2_fits/xsl_spectrum_X0548_uvb.fits
0.0015923566878980893,../../kcwi_extractions/all_dr2_fits/xsl_spectrum_X0549_uvb.fits
0.0015923566878980893,../../kcwi_extractions/all_dr2_fits/xsl_spectrum_X0842_uvb.fits
0.0015923566878980893,../../kcwi_extractions/all_dr2_fits/xsl_spectrum_X0843_uvb.fits
0.0015923566878980893,../../kcwi_extractions/all_dr2_fits/xsl_spectrum_X0651_uvb.fits
0.0015923566878980893,../../kcwi_extractions/all_dr2_fits/xsl_spectrum_X0437_uvb.fits
0.0015923566878980893,../../kcwi_extractions/all_dr2_fits/xsl_spectrum_X0436_uvb.fits
0.0015923566878980893,../../kcwi_extractions/all_dr2_fits/xsl_spectrum_X0650_uvb.fits
0.0015923566878980893,../../kcwi_extractions/all_dr2_fits/xsl_spectrum_X0163_uvb.fits
0.0015923566878980893,../../kcwi_extractions/all_dr2_fits/xsl_spectrum_X0304_uvb.fits
0.0015923566878980893,../../kcwi_extractions/all_dr2_fits/xsl_spectrum_X0162_uvb.fits
0.0015923566878980893,../../kcwi_extractions/all_dr2_fits/xsl_spectrum_X0397_uvb.fits
0.0015923566878980893,../../kcwi_extractions/all_dr2_fits/xsl_spectrum_X0835_uvb.fits
0.0015923566878980893,../../kcwi_extractions/all_dr2_fits/xsl_spectrum_X0834_uvb.fits
0.0015923566878980893,../../kcwi_extractions/all_dr2_fits/xsl_spectrum_X0782_uvb.fits
0.0015923566878980893,../../kcwi_extractions/all_dr2_fits/xsl_spectrum_X0783_uvb.fits
0.0015923566878980893,../../kcwi_extractions/all_dr2_fits/xsl_spectrum_X0618_uvb.fits
0.0015923566878980893,../../kcwi_extractions/all_dr2_fits/xsl_spectrum_X0619_uvb.fits
0.0015923566878980893,../../kcwi_extractions/all_dr2_fits/xsl_spectrum_X0023_uvb.fits
0.0015923566878980893,../../kcwi_extractions/all_dr2_fits/xsl_spectrum_X0245_uvb.fits
0.0015923566878980893,../../kcwi_extractions/all_dr2_fits/xsl_spectrum_X0119_uvb.fits
0.0015923566878980893,../../kcwi_extractions/all_dr2_fits/xsl_spectrum_X0118_uvb.fits
0.0015923566878980893,../../kcwi_extractions/all_dr2_fits/xsl_spectrum_X0277_uvb.fits
0.0015923566878980893,../../kcwi_extractions/all_dr2_fits/xsl_spectrum_X0276_uvb.fits
0.0015923566878980893,../../kcwi_extractions/all_dr2_fits/xsl_spectrum_X0723_uvb.fits
0.0015923566878980893,../../kcwi_extractions/all_dr2_fits/xsl_spectrum_X0545_uvb.fits
0.0015923566878980893,../../kcwi_extractions/all_dr2_fits/xsl_spectrum_X0722_uvb.fits
0.0015923566878980893,../../kcwi_extractions/all_dr2_fits/xsl_spectrum_X0894_uvb.fits
0.0015923566878980893,../../kcwi_extractions/all_dr2_fits/xsl_spectrum_X0662_uvb.fits
0.0015923566878980893,../../kcwi_extractions/all_dr2_fits/xsl_spectrum_X0663_uvb.fits
0.0015923566878980893,../../kcwi_extractions/all_dr2_fits/xsl_spectrum_X0405_uvb.fits
0.0015923566878980893,../../kcwi_extractions/all_dr2_fits/xsl_spectrum_X0895_uvb.fits
0.0015923566878980893,../../kcwi_extractions/all_dr2_fits/xsl_spectrum_X0151_uvb.fits
0.0015923566878980893,../../kcwi_extractions/all_dr2_fits/xsl_spectrum_X0059_uvb.fits
0.0015923566878980893,../../kcwi_extractions/all_dr2_fits/xsl_spectrum_X0496_uvb.fits
0.0015923566878980893,../../kcwi_extractions/all_dr2_fits/xsl_spectrum_X0807_uvb.fits
0.0015923566878980893,../../kcwi_extractions/all_dr2_fits/xsl_spectrum_X0615_uvb.fits
0.0015923566878980893,../../kcwi_extractions/all_dr2_fits/xsl_spectrum_X0473_uvb.fits
0.0015923566878980893,../../kcwi_extractions/all_dr2_fits/xsl_spectrum_X0472_uvb.fits
0.0015923566878980893,../../kcwi_extractions/all_dr2_fits/xsl_spectrum_X0614_uvb.fits
0.0015923566878980893,../../kcwi_extractions/all_dr2_fits/xsl_spectrum_X0127_uvb.fits
0.0015923566878980893,../../kcwi_extractions/all_dr2_fits/xsl_spectrum_X0249_uvb.fits
0.0015923566878980893,../../kcwi_extractions/all_dr2_fits/xsl_spectrum_X0248_uvb.fits
0.0015923566878980893,../../kcwi_extractions/all_dr2_fits/xsl_spectrum_X0687_uvb.fits
0.0015923566878980893,../../kcwi_extractions/all_dr2_fits/xsl_spectrum_X0871_uvb.fits
0.0015923566878980893,../../kcwi_extractions/all_dr2_fits/xsl_spectrum_X0870_uvb.fits
0.0015923566878980893,../../kcwi_extractions/all_dr2_fits/xsl_spectrum_X0686_uvb.fits
0.0015923566878980893,../../kcwi_extractions/all_dr2_fits/xsl_spectrum_X0292_uvb.fits
0.0015923566878980893,../../kcwi_extractions/all_dr2_fits/xsl_spectrum_X0838_uvb.fits
0.0015923566878980893,../../kcwi_extractions/all_dr2_fits/xsl_spectrum_X0839_uvb.fits
0.0015923566878980893,../../kcwi_extractions/all_dr2_fits/xsl_spectrum_X0200_uvb.fits
0.0015923566878980893,../../kcwi_extractions/all_dr2_fits/xsl_spectrum_X0066_uvb.fits
0.0015923566878980893,../../kcwi_extractions/all_dr2_fits/xsl_spectrum_X0201_uvb.fits
0.0015923566878980893,../../kcwi_extractions/all_dr2_fits/xsl_spectrum_X0532_uvb.fits
0.0015923566878980893,../../kcwi_extractions/all_dr2_fits/xsl_spectrum_X0755_uvb.fits
0.0015923566878980893,../../kcwi_extractions/all_dr2_fits/xsl_spectrum_X0506_uvb.fits
0.0015923566878980893,../../kcwi_extractions/all_dr2_fits/xsl_spectrum_X0760_uvb.fits
0.0015923566878980893,../../kcwi_extractions/all_dr2_fits/xsl_spectrum_X0761_uvb.fits
0.0015923566878980893,../../kcwi_extractions/all_dr2_fits/xsl_spectrum_X0904_uvb.fits
0.0015923566878980893,../../kcwi_extractions/all_dr2_fits/xsl_spectrum_X0594_uvb.fits
0.0015923566878980893,../../kcwi_extractions/all_dr2_fits/xsl_spectrum_X0905_uvb.fits
0.0015923566878980893,../../kcwi_extractions/all_dr2_fits/xsl_spectrum_X0595_uvb.fits
0.0015923566878980893,../../kcwi_extractions/all_dr2_fits/xsl_spectrum_X0668_uvb.fits
0.0015923566878980893,../../kcwi_extractions/all_dr2_fits/xsl_spectrum_X0669_uvb.fits
0.0015923566878980893,../../kcwi_extractions/all_dr2_fits/xsl_spectrum_X0729_uvb.fits
0.0015923566878980893,../../kcwi_extractions/all_dr2_fits/xsl_spectrum_X0728_uvb.fits
0.0015923566878980893,../../kcwi_extractions/all_dr2_fits/xsl_spectrum_X0180_uvb.fits
0.0015923566878980893,../../kcwi_extractions/all_dr2_fits/xsl_spectrum_X0845_uvb.fits
0.0015923566878980893,../../kcwi_extractions/all_dr2_fits/xsl_spectrum_X0844_uvb.fits
0.0015923566878980893,../../kcwi_extractions/all_dr2_fits/xsl_spectrum_X0621_uvb.fits
0.0015923566878980893,../../kcwi_extractions/all_dr2_fits/xsl_spectrum_X0447_uvb.fits
0.0015923566878980893,../../kcwi_extractions/all_dr2_fits/xsl_spectrum_X0446_uvb.fits
0.0015923566878980893,../../kcwi_extractions/all_dr2_fits/xsl_spectrum_X0620_uvb.fits
0.0015923566878980893,../../kcwi_extractions/all_dr2_fits/xsl_spectrum_X0089_uvb.fits
0.0015923566878980893,../../kcwi_extractions/all_dr2_fits/xsl_spectrum_X0113_uvb.fits
0.0015923566878980893,../../kcwi_extractions/all_dr2_fits/xsl_spectrum_X0375_uvb.fits
0.0015923566878980893,../../kcwi_extractions/all_dr2_fits/xsl_spectrum_X0374_uvb.fits
0.0015923566878980893,../../kcwi_extractions/all_dr2_fits/xsl_spectrum_X0538_uvb.fits
0.0015923566878980893,../../kcwi_extractions/all_dr2_fits/xsl_spectrum_X0539_uvb.fits
0.0015923566878980893,../../kcwi_extractions/all_dr2_fits/xsl_spectrum_X0390_uvb.fits
0.0015923566878980893,../../kcwi_extractions/all_dr2_fits/xsl_spectrum_X0391_uvb.fits
0.0015923566878980893,../../kcwi_extractions/all_dr2_fits/xsl_spectrum_X0832_uvb.fits
0.0015923566878980893,../../kcwi_extractions/all_dr2_fits/xsl_spectrum_X0430_uvb.fits
0.0015923566878980893,../../kcwi_extractions/all_dr2_fits/xsl_spectrum_X0656_uvb.fits
0.0015923566878980893,../../kcwi_extractions/all_dr2_fits/xsl_spectrum_X0657_uvb.fits
0.0015923566878980893,../../kcwi_extractions/all_dr2_fits/xsl_spectrum_X0299_uvb.fits
0.0015923566878980893,../../kcwi_extractions/all_dr2_fits/xsl_spectrum_X0302_uvb.fits
0.0015923566878980893,../../kcwi_extractions/all_dr2_fits/xsl_spectrum_X0164_uvb.fits
0.0015923566878980893,../../kcwi_extractions/all_dr2_fits/xsl_spectrum_X0165_uvb.fits
0.0015923566878980893,../../kcwi_extractions/all_dr2_fits/xsl_spectrum_X0243_uvb.fits
0.0015923566878980893,../../kcwi_extractions/all_dr2_fits/xsl_spectrum_X0242_uvb.fits
0.0015923566878980893,../../kcwi_extractions/all_dr2_fits/xsl_spectrum_X0024_uvb.fits
0.0015923566878980893,../../kcwi_extractions/all_dr2_fits/xsl_spectrum_X0717_uvb.fits
0.0015923566878980893,../../kcwi_extractions/all_dr2_fits/xsl_spectrum_X0571_uvb.fits
0.0015923566878980893,../../kcwi_extractions/all_dr2_fits/xsl_spectrum_X0570_uvb.fits
0.0015923566878980893,../../kcwi_extractions/all_dr2_fits/xsl_spectrum_X0716_uvb.fits
0.0015923566878980893,../../kcwi_extractions/all_dr2_fits/xsl_spectrum_X0479_uvb.fits
0.0015923566878980893,../../kcwi_extractions/all_dr2_fits/xsl_spectrum_X0481_uvb.fits
0.0015923566878980893,../../kcwi_extractions/all_dr2_fits/xsl_spectrum_X0811_uvb.fits
0.0015923566878980893,../../kcwi_extractions/all_dr2_fits/xsl_spectrum_X0480_uvb.fits
0.0015923566878980893,../../kcwi_extractions/all_dr2_fits/xsl_spectrum_X0228_uvb.fits
0.0015923566878980893,../../kcwi_extractions/all_dr2_fits/xsl_spectrum_X0883_uvb.fits
0.0015923566878980893,../../kcwi_extractions/all_dr2_fits/xsl_spectrum_X0413_uvb.fits
0.0015923566878980893,../../kcwi_extractions/all_dr2_fits/xsl_spectrum_X0675_uvb.fits
0.0015923566878980893,../../kcwi_extractions/all_dr2_fits/xsl_spectrum_X0674_uvb.fits
0.0015923566878980893,../../kcwi_extractions/all_dr2_fits/xsl_spectrum_X0882_uvb.fits
0.0015923566878980893,../../kcwi_extractions/all_dr2_fits/xsl_spectrum_X0412_uvb.fits
0.0015923566878980893,../../kcwi_extractions/all_dr2_fits/xsl_spectrum_X0589_uvb.fits
0.0015923566878980893,../../kcwi_extractions/all_dr2_fits/xsl_spectrum_X0588_uvb.fits
0.0015923566878980893,../../kcwi_extractions/all_dr2_fits/xsl_spectrum_X0006_uvb.fits
0.0015923566878980893,../../kcwi_extractions/all_dr2_fits/xsl_spectrum_X0260_uvb.fits
0.0015923566878980893,../../kcwi_extractions/all_dr2_fits/xsl_spectrum_X0007_uvb.fits
0.0015923566878980893,../../kcwi_extractions/all_dr2_fits/xsl_spectrum_X0858_uvb.fits
0.0015923566878980893,../../kcwi_extractions/all_dr2_fits/xsl_spectrum_X0859_uvb.fits
0.0015923566878980893,../../kcwi_extractions/all_dr2_fits/xsl_spectrum_X0734_uvb.fits
0.0015923566878980893,../../kcwi_extractions/all_dr2_fits/xsl_spectrum_X0552_uvb.fits
0.0015923566878980893,../../kcwi_extractions/all_dr2_fits/xsl_spectrum_X0553_uvb.fits
0.0015923566878980893,../../kcwi_extractions/all_dr2_fits/xsl_spectrum_X0735_uvb.fits
0.0015923566878980893,../../kcwi_extractions/all_dr2_fits/xsl_spectrum_X0217_uvb.fits
0.0015923566878980893,../../kcwi_extractions/all_dr2_fits/xsl_spectrum_X0071_uvb.fits
0.0015923566878980893,../../kcwi_extractions/all_dr2_fits/xsl_spectrum_X0070_uvb.fits
0.0015923566878980893,../../kcwi_extractions/all_dr2_fits/xsl_spectrum_X0216_uvb.fits
0.0015923566878980893,../../kcwi_extractions/all_dr2_fits/xsl_spectrum_X0524_uvb.fits
0.0015923566878980893,../../kcwi_extractions/all_dr2_fits/xsl_spectrum_X0179_uvb.fits
0.0015923566878980893,../../kcwi_extractions/all_dr2_fits/xsl_spectrum_X0178_uvb.fits
0.0015923566878980893,../../kcwi_extractions/all_dr2_fits/xsl_spectrum_X0285_uvb.fits
0.0015923566878980893,../../kcwi_extractions/all_dr2_fits/xsl_spectrum_X0690_uvb.fits
0.0015923566878980893,../../kcwi_extractions/all_dr2_fits/xsl_spectrum_X0866_uvb.fits
0.0015923566878980893,../../kcwi_extractions/all_dr2_fits/xsl_spectrum_X0867_uvb.fits
0.0015923566878980893,../../kcwi_extractions/all_dr2_fits/xsl_spectrum_X0691_uvb.fits
0.0015923566878980893,../../kcwi_extractions/all_dr2_fits/xsl_spectrum_X0602_uvb.fits
0.0015923566878980893,../../kcwi_extractions/all_dr2_fits/xsl_spectrum_X0464_uvb.fits
0.0015923566878980893,../../kcwi_extractions/all_dr2_fits/xsl_spectrum_X0465_uvb.fits
0.0015923566878980893,../../kcwi_extractions/all_dr2_fits/xsl_spectrum_X0798_uvb.fits
0.0015923566878980893,../../kcwi_extractions/all_dr2_fits/xsl_spectrum_X0356_uvb.fits
0.0015923566878980893,../../kcwi_extractions/all_dr2_fits/xsl_spectrum_X0357_uvb.fits
0.0015923566878980893,../../kcwi_extractions/all_dr2_fits/xsl_spectrum_X0636_uvb.fits
0.0015923566878980893,../../kcwi_extractions/all_dr2_fits/xsl_spectrum_X0450_uvb.fits
0.0015923566878980893,../../kcwi_extractions/all_dr2_fits/xsl_spectrum_X0451_uvb.fits
0.0015923566878980893,../../kcwi_extractions/all_dr2_fits/xsl_spectrum_X0637_uvb.fits
0.0015923566878980893,../../kcwi_extractions/all_dr2_fits/xsl_spectrum_X0363_uvb.fits
0.0015923566878980893,../../kcwi_extractions/all_dr2_fits/xsl_spectrum_X0196_uvb.fits
0.0015923566878980893,../../kcwi_extractions/all_dr2_fits/xsl_spectrum_X0197_uvb.fits
0.0015923566878980893,../../kcwi_extractions/all_dr2_fits/xsl_spectrum_X0558_uvb.fits
0.0015923566878980893,../../kcwi_extractions/all_dr2_fits/xsl_spectrum_X0559_uvb.fits
0.0015923566878980893,../../kcwi_extractions/all_dr2_fits/xsl_spectrum_X0852_uvb.fits
0.0015923566878980893,../../kcwi_extractions/all_dr2_fits/xsl_spectrum_X0853_uvb.fits
0.0015923566878980893,../../kcwi_extractions/all_dr2_fits/xsl_spectrum_X0583_uvb.fits
0.0015923566878980893,../../kcwi_extractions/all_dr2_fits/xsl_spectrum_X0582_uvb.fits
0.0015923566878980893,../../kcwi_extractions/all_dr2_fits/xsl_spectrum_X0419_uvb.fits
0.0015923566878980893,../../kcwi_extractions/all_dr2_fits/xsl_spectrum_X0889_uvb.fits
0.0015923566878980893,../../kcwi_extractions/all_dr2_fits/xsl_spectrum_X0418_uvb.fits
0.0015923566878980893,../../kcwi_extractions/all_dr2_fits/xsl_spectrum_X0888_uvb.fits
0.0015923566878980893,../../kcwi_extractions/all_dr2_fits/xsl_spectrum_X0223_uvb.fits
0.0015923566878980893,../../kcwi_extractions/all_dr2_fits/xsl_spectrum_X0044_uvb.fits
0.0015923566878980893,../../kcwi_extractions/all_dr2_fits/xsl_spectrum_X0222_uvb.fits
0.0015923566878980893,../../kcwi_extractions/all_dr2_fits/xsl_spectrum_X0511_uvb.fits
0.0015923566878980893,../../kcwi_extractions/all_dr2_fits/xsl_spectrum_X0510_uvb.fits
0.0015923566878980893,../../kcwi_extractions/all_dr2_fits/xsl_spectrum_X0792_uvb.fits
0.0015923566878980893,../../kcwi_extractions/all_dr2_fits/xsl_spectrum_X0793_uvb.fits
0.0015923566878980893,../../kcwi_extractions/all_dr2_fits/xsl_spectrum_X0254_uvb.fits
0.0015923566878980893,../../kcwi_extractions/all_dr2_fits/xsl_spectrum_X0700_uvb.fits
0.0015923566878980893,../../kcwi_extractions/all_dr2_fits/xsl_spectrum_X0566_uvb.fits
0.0015923566878980893,../../kcwi_extractions/all_dr2_fits/xsl_spectrum_X0567_uvb.fits
0.0015923566878980893,../../kcwi_extractions/all_dr2_fits/xsl_spectrum_X0427_uvb.fits
0.0015923566878980893,../../kcwi_extractions/all_dr2_fits/xsl_spectrum_X0641_uvb.fits
0.0015923566878980893,../../kcwi_extractions/all_dr2_fits/xsl_spectrum_X0640_uvb.fits
0.0015923566878980893,../../kcwi_extractions/all_dr2_fits/xsl_spectrum_X0426_uvb.fits
0.0015923566878980893,../../kcwi_extractions/all_dr2_fits/xsl_spectrum_X0172_uvb.fits
0.0015923566878980893,../../kcwi_extractions/all_dr2_fits/xsl_spectrum_X0387_uvb.fits
0.0015923566878980893,../../kcwi_extractions/all_dr2_fits/xsl_spectrum_X0386_uvb.fits
0.0015923566878980893,../../kcwi_extractions/all_dr2_fits/xsl_spectrum_X0749_uvb.fits
0.0015923566878980893,../../kcwi_extractions/all_dr2_fits/xsl_spectrum_X0748_uvb.fits
0.0015923566878980893,../../kcwi_extractions/all_dr2_fits/xsl_spectrum_X0825_uvb.fits
0.0015923566878980893,../../kcwi_extractions/all_dr2_fits/xsl_spectrum_X0824_uvb.fits
